"parameter","kind","nist_category","public_key_bytes","secret_key_bytes","ciphertext_bytes","signature_bytes","source"
"ML-KEM-512","KEM","1","800","1632","768","","https://doi.org/10.6028/NIST.FIPS.203"
"ML-KEM-768","KEM","3","1184","2400","1088","","https://doi.org/10.6028/NIST.FIPS.203"
"ML-KEM-1024","KEM","5","1568","3168","1568","","https://doi.org/10.6028/NIST.FIPS.203"
"ML-DSA-44","Signature","2","1312","2560","","2420","https://doi.org/10.6028/NIST.FIPS.204"
"ML-DSA-65","Signature","3","1952","4032","","3309","https://doi.org/10.6028/NIST.FIPS.204"
"ML-DSA-87","Signature","5","2592","4896","","4627","https://doi.org/10.6028/NIST.FIPS.204"
"SLH-DSA-SHA2-128s","Signature","1","32","64","","7856","https://doi.org/10.6028/NIST.FIPS.205"
"SLH-DSA-SHA2-128f","Signature","1","32","64","","17088","https://doi.org/10.6028/NIST.FIPS.205"
"SLH-DSA-SHA2-192s","Signature","3","48","96","","16224","https://doi.org/10.6028/NIST.FIPS.205"
"SLH-DSA-SHA2-192f","Signature","3","48","96","","35664","https://doi.org/10.6028/NIST.FIPS.205"
"SLH-DSA-SHA2-256s","Signature","5","64","128","","29792","https://doi.org/10.6028/NIST.FIPS.205"
"SLH-DSA-SHA2-256f","Signature","5","64","128","","49856","https://doi.org/10.6028/NIST.FIPS.205"
"SLH-DSA-SHAKE-128s","Signature","1","32","64","","7856","https://doi.org/10.6028/NIST.FIPS.205"
"SLH-DSA-SHAKE-128f","Signature","1","32","64","","17088","https://doi.org/10.6028/NIST.FIPS.205"
"SLH-DSA-SHAKE-192s","Signature","3","48","96","","16224","https://doi.org/10.6028/NIST.FIPS.205"
"SLH-DSA-SHAKE-192f","Signature","3","48","96","","35664","https://doi.org/10.6028/NIST.FIPS.205"
"SLH-DSA-SHAKE-256s","Signature","5","64","128","","29792","https://doi.org/10.6028/NIST.FIPS.205"
"SLH-DSA-SHAKE-256f","Signature","5","64","128","","49856","https://doi.org/10.6028/NIST.FIPS.205"
